{
	"packages": [
    	{
        	"name": "A",
        	"dependencies": ["B", "C"]
   	 	},
	    {
	        "name": "B",
	        "dependencies": ["C"]
	    },
	    {
	    	"name": "C",
	    	"dependencies": ["A"]
	    }, 
	    {
	    	"name": "D",
	    	"dependencies": ["E", "F"]
	    }, 
	    {
	    	"name": "F",
	    	"dependencies": ["H", "I"]
	    }, 
	    {
	    	"name": "I",
	    	"dependencies": ["H"]
	    },
	    {
	    	"name": "G",
	    	"dependencies": ["J"]
	    },
	    {
	    	"name": "F",
	    	"dependencies": ["K"]
	    }
	    
	] 
}